mean_val_accuracy,std_val_accuracy,mean_val_loss,std_val_loss,mean_epochs
0.9442307710647583,0.018495542290491787,2.152911162376404,0.2768838717057785,100.0
